{
  "Afghanistan": [
    "afghanistan",
    "islamic  republic of afghanistan"
  ],
  "Akrotiri Sovereign Base Area": [
    "akrotiri sovereign base area"
  ],
  "Aland": [
    "aland"
  ],
  "Albania": [
    "albania",
    "albanien",
    "algerien",
    "republic of albania"
  ],
  "Algeria": [
    "algeria",
    "people's democratic republic of algeria"
  ],
  "American Samoa": [
    "american samoa"
  ],
  "Andorra": [
    "andorra"
  ],
  "Angola": [
    "angola",
    "republic of angola"
  ],
  "Anguilla": [
    "anguilla"
  ],
  "Antarctica": [
    "antarctica"
  ],
  "Antigua and Barbuda": [
    "antigua and barbuda"
  ],
  "Argentina": [
    "argentina",
    "argentine republic"
  ],
  "Armenia": [
    "armenia",
    "armenien",
    "republic of armenia"
  ],
  "Aruba": [
    "aruba"
  ],
  "Ashmore and Cartier Islands": [
    "ashmore and cartier islands"
  ],
  "Australia": [
    "australia",
    "commonwealth of australia"
  ],
  "Austria": [
    "austria",
    "republic of austria"
  ],
  "Azerbaijan": [
    "aserbaidschan",
    "azerbaijan",
    "republic of azerbaijan"
  ],
  "Bahrain": [
    "bahrain"
  ],
  "Bajo Nuevo Bank (Petrel Is.)": [
    "bajo nuevo bank (petrel is.)"
  ],
  "Bangladesh": [
    "bangladesch",
    "bangladesh",
    "people's republic of bangladesh"
  ],
  "Barbados": [
    "barbados"
  ],
  "Baykonur Cosmodrome": [
    "baykonur cosmodrome"
  ],
  "Belarus": [
    "belarus",
    "belarus, republic of",
    "republic of belarus"
  ],
  "Belgium": [
    "belgium",
    "kingdom of belgium"
  ],
  "Belize": [
    "belize"
  ],
  "Benin": [
    "benin",
    "republic of benin"
  ],
  "Bermuda": [
    "bermuda"
  ],
  "Bhutan": [
    "bhutan",
    "kingdom of bhutan"
  ],
  "Bolivia": [
    "bolivia",
    "bolivien",
    "plurinational state of bolivia",
    "plurinationaler staat bolivien"
  ],
  "Bosnia and Herzegovina": [
    "bosnia",
    "bosnia and herzegovina",
    "bosnia-herzegovina",
    "bosnien und herzegowina",
    "bosnien-herzegowina",
    "herzegovina"
  ],
  "Botswana": [
    "botswana",
    "republic of botswana"
  ],
  "Brazil": [
    "brasilien",
    "brazil",
    "federative republic of brazil"
  ],
  "British Indian Ocean Territory": [
    "british indian ocean territory"
  ],
  "British Virgin Islands": [
    "british virgin islands",
    "virgin islands (british)"
  ],
  "Brunei": [
    "brunei",
    "brunei darussalam"
  ],
  "Bulgaria": [
    "bulgaria",
    "republic of bulgaria"
  ],
  "Burkina Faso": [
    "burkina faso"
  ],
  "Burundi": [
    "burundi",
    "republic of burundi"
  ],
  "Cambodia": [
    "cambodia",
    "kambodscha",
    "kingdom of cambodia"
  ],
  "Cameroon": [
    "cameroon",
    "kamerun",
    "republic of cameroon"
  ],
  "Canada": [
    "canada"
  ],
  "Cape Verde": [
    "cabo verde",
    "cape verde",
    "republic of cabo verde"
  ],
  "Caribbean Netherlands": [
    "sint eustatius and saba bonaire"
  ],
  "Cayman Islands": [
    "cayman islands"
  ],
  "Central African Republic": [
    "centrafrique",
    "central african republic",
    "zentralafrikanische republik"
  ],
  "Chad": [
    "chad",
    "republic of chad",
    "tschad"
  ],
  "Chile": [
    "chile",
    "republic of chile"
  ],
  "China": [
    "china",
    "china, people's republic of",
    "people's republic of china"
  ],
  "Clipperton Island": [
    "clipperton island"
  ],
  "Colombia": [
    "colombia",
    "kolumbien",
    "republic of colombia"
  ],
  "Comoros": [
    "comoros",
    "union of the comoros"
  ],
  "Cook Islands": [
    "cook islands",
    "cook islands (the)"
  ],
  "Coral Sea Islands": [
    "coral sea islands"
  ],
  "Costa Rica": [
    "costa rica",
    "republic of costa rica"
  ],
  "Croatia": [
    "croatia",
    "republic of croatia"
  ],
  "Cuba": [
    "cuba"
  ],
  "Curaçao": [
    "curacao",
    "curaçao",
    "curaçao"
  ],
  "Cyprus": [
    "cyprus",
    "republic of cyprus"
  ],
  "Cyprus No Mans Area": [
    "cyprus no mans area"
  ],
  "Czech Republic": [
    "czech republic",
    "czechia"
  ],
  "Democratic Republic of the Congo": [
    "congo (democratic republic)",
    "congo, the democratic republic of the",
    "dem rep congo",
    "democratic republic of congo",
    "democratic republic of the congo",
    "demokratische republik kongo"
  ],
  "Denmark": [
    "denmark",
    "kingdom of denmark"
  ],
  "Dhekelia Sovereign Base Area": [
    "dhekelia sovereign base area"
  ],
  "Djibouti": [
    "djibouti",
    "republic of djibouti"
  ],
  "Dominica": [
    "commonwealth of dominica",
    "dominica"
  ],
  "Dominican Republic": [
    "dominican republic",
    "dominikanische republik"
  ],
  "East Timor": [
    "democratic republic of timor-leste",
    "east timor",
    "timor-leste"
  ],
  "Ecuador": [
    "ecuador",
    "republic of ecuador"
  ],
  "Egypt": [
    "arab republic of egypt",
    "egypt",
    "ägypten"
  ],
  "El Salvador": [
    "el salvador",
    "republic of el salvador",
    "salvador"
  ],
  "Equatorial Guinea": [
    "equatorial guinea",
    "republic of equatorial guinea"
  ],
  "Eritrea": [
    "eritrea",
    "state of eritrea"
  ],
  "Estonia": [
    "estonia",
    "republic of estonia"
  ],
  "Ethiopia": [
    "ethiopia",
    "federal democratic republic of ethiopia",
    "äthiopien"
  ],
  "Falkland Islands": [
    "falkland islands",
    "falkland islands (malvinas)"
  ],
  "Faroe Islands": [
    "faroe islands"
  ],
  "Federated States of Micronesia": [
    "federated states of micronesia",
    "micronesia",
    "micronesia (federated states of)",
    "micronesia, federated statesof"
  ],
  "Fiji": [
    "fiji",
    "republic of fiji"
  ],
  "Finland": [
    "finland",
    "republic of finland"
  ],
  "France": [
    "france",
    "french republic",
    "réunion"
  ],
  "French Polynesia": [
    "french polynesia"
  ],
  "French Southern and Antarctic Lands": [
    "french southern and antarctic lands"
  ],
  "Gabon": [
    "gabon",
    "gabonese republic"
  ],
  "Gambia": [
    "gambia",
    "republic of the gambia",
    "the gambia"
  ],
  "Georgia": [
    "georgia",
    "georgien"
  ],
  "Germany": [
    "germany"
  ],
  "Ghana": [
    "ghana",
    "republic of ghana"
  ],
  "Gibraltar": [
    "gibraltar"
  ],
  "Greece": [
    "greece",
    "hellenic republic"
  ],
  "Greenland": [
    "greenland"
  ],
  "Grenada": [
    "grenada"
  ],
  "Guam": [
    "guam"
  ],
  "Guatemala": [
    "guatemala",
    "republic of guatemala"
  ],
  "Guernsey": [
    "guernsey"
  ],
  "Guinea": [
    "guinea",
    "republic of guinea"
  ],
  "Guinea Bissau": [
    "guinea bissau",
    "guinea-bissau",
    "republic of guinea-bissau"
  ],
  "Guyana": [
    "co-operative republic of guyana",
    "guyana"
  ],
  "Haiti": [
    "haiti",
    "republic of haiti"
  ],
  "Heard Island and McDonald Islands": [
    "heard island and mcdonald islands"
  ],
  "Honduras": [
    "honduras",
    "republic of honduras"
  ],
  "Hong Kong S.A.R.": [
    "china hong kong sar",
    "hong kong",
    "hong kong s.a.r.",
    "hong kong, china"
  ],
  "Hungary": [
    "hungary"
  ],
  "Iceland": [
    "iceland",
    "republic of iceland"
  ],
  "India": [
    "india",
    "indien",
    "republic of india"
  ],
  "Indian Ocean Territories": [
    "indian ocean territories"
  ],
  "Indonesia": [
    "indonesia",
    "indonesien",
    "republic of indonesia"
  ],
  "Iran": [
    "iran",
    "iran, islamic republic of",
    "islamic republic of iran"
  ],
  "Iraq": [
    "irak",
    "iraq",
    "republic of iraq"
  ],
  "Ireland": [
    "ireland"
  ],
  "Isle of Man": [
    "isle of man"
  ],
  "Israel": [
    "israel",
    "state of israel"
  ],
  "Italy": [
    "italian republic",
    "italy"
  ],
  "Ivory Coast": [
    "cote d'ivoire",
    "côte d'ivoire",
    "côte d’ivoire",
    "ivory coast",
    "republic of cote d'ivoire"
  ],
  "Jamaica": [
    "jamaica"
  ],
  "Japan": [
    "japan"
  ],
  "Jersey": [
    "jersey",
    "jersey c.i."
  ],
  "Jordan": [
    "hashemite kingdom of jordan",
    "jordan",
    "jordanien"
  ],
  "Kazakhstan": [
    "kazakhstan",
    "republic of kazakhstan"
  ],
  "Kenya": [
    "kenia",
    "kenya",
    "kenya a",
    "republic of kenya"
  ],
  "Kiribati": [
    "kiribati",
    "republic of kiribati"
  ],
  "Kosovo": [
    "kosovo",
    "kosovo (as per unscr 1244)",
    "kosovo*",
    "republic of kosovo"
  ],
  "Kuwait": [
    "kuwait"
  ],
  "Kyrgyzstan": [
    "kirgisistan",
    "kyrgyz republic",
    "kyrgyzstan"
  ],
  "Laos": [
    "Lao PDR",
    "demokratische volksrepublik laos",
    "lao pdr",
    "lao people's democratic rep.",
    "lao people's democratic republ",
    "lao people's democratic republic",
    "lao people's democratic republic (the)",
    "lao people's democratic republic,thail,",
    "laos",
    "laos cmu"
  ],
  "Latvia": [
    "latvia",
    "republic of latvia"
  ],
  "Lebanon": [
    "lebanese republic",
    "lebanon",
    "libanon"
  ],
  "Lesotho": [
    "kingdom of lesotho",
    "lesotho"
  ],
  "Liberia": [
    "liberia",
    "republic of liberia"
  ],
  "Libya": [
    "libya",
    "libyen",
    "socialist people's libyan arab jamahiriy"
  ],
  "Liechtenstein": [
    "liechtenstein"
  ],
  "Lithuania": [
    "lithuania",
    "republic of lithuania"
  ],
  "Luxembourg": [
    "grand duchy of luxembourg",
    "luxembourg"
  ],
  "Macao S.A.R": [
    "macao s.a.r"
  ],
  "Madagascar": [
    "madagascar",
    "madagaskar",
    "republic of madagascar"
  ],
  "Malawi": [
    "malawi",
    "republic of malawi"
  ],
  "Malaysia": [
    "malaysia"
  ],
  "Maldives": [
    "maldives",
    "republic of maldives"
  ],
  "Mali": [
    "mali",
    "republic of mali"
  ],
  "Malta": [
    "malta",
    "republic of malta"
  ],
  "Marshall Islands": [
    "marshall island",
    "marshall islands",
    "marshall islands (the)",
    "republic of the marshall islands"
  ],
  "Mauritania": [
    "islamic republic of mauritania",
    "mauretanien",
    "mauritania"
  ],
  "Mauritius": [
    "mauritius",
    "republic of mauritius"
  ],
  "Mexico": [
    "mexico",
    "united mexican states"
  ],
  "Moldova": [
    "moldau",
    "moldova",
    "moldova, republic of",
    "republic of moldova",
    "republik moldau"
  ],
  "Monaco": [
    "monaco"
  ],
  "Mongolia": [
    "mongolei",
    "mongolia"
  ],
  "Montenegro": [
    "montenegro"
  ],
  "Montserrat": [
    "montserrat"
  ],
  "Morocco": [
    "kingdom of morocco",
    "marokko",
    "morocco"
  ],
  "Mozambique": [
    "mosambik",
    "mozambique",
    "republic of mozambique"
  ],
  "Myanmar": [
    "burma",
    "myanmar",
    "republic of the union of myanmar"
  ],
  "Namibia": [
    "namibia",
    "republic of namibia"
  ],
  "Nauru": [
    "nauru"
  ],
  "Nepal": [
    "nepal"
  ],
  "Netherlands": [
    "kingdom of the netherlands",
    "netherlands",
    "the netherlands"
  ],
  "New Caledonia": [
    "new caledonia"
  ],
  "New Zealand": [
    "new zealand"
  ],
  "Nicaragua": [
    "nicaragua",
    "republic of nicaragua"
  ],
  "Niger": [
    "niger",
    "republic of niger"
  ],
  "Nigeria": [
    "federal republic of nigeria",
    "nigeria"
  ],
  "Niue": [
    "niue"
  ],
  "Norfolk Island": [
    "norfolk island"
  ],
  "North Korea": [
    "north korea"
  ],
  "Northern Cyprus": [
    "northern cyprus"
  ],
  "Northern Mariana Islands": [
    "northern mariana islands"
  ],
  "North Macedonia": [
    "former yugoslav republic of macedonia",
    "macedonia",
    "nordmazedonien",
    "nordmazedonien (vormals mazedonien)",
    "north macedonia",
    "republic of north macedonia"
  ],
  "Norway": [
    "kingdom of norway",
    "norway"
  ],
  "Oman": [
    "oman",
    "sultanate of oman"
  ],
  "Pakistan": [
    "islamic republic of pakistan",
    "pakistan"
  ],
  "Palau": [
    "palau",
    "republic of palau"
  ],
  "Palestine": [
    "palestine",
    "palestine*",
    "palestinian territories",
    "palästinensische gebiete",
    "the palestinian territories",
    "west bank and gaza",
    "west bank,gaza"
  ],
  "Panama": [
    "panama",
    "republic of panama"
  ],
  "Papua New Guinea": [
    "papua new guinea",
    "the independent state of papua new guine"
  ],
  "Paraguay": [
    "paraguay",
    "republic of paraguay"
  ],
  "Peru": [
    "peru",
    "republic of peru"
  ],
  "Philippines": [
    "philippinen",
    "philippines",
    "philippines (the)",
    "republic of the philippines"
  ],
  "Pitcairn Islands": [
    "pitcairn islands"
  ],
  "Poland": [
    "poland",
    "republic of poland"
  ],
  "Portugal": [
    "portugal",
    "portuguese republic"
  ],
  "Puerto Rico": [
    "puerto rico"
  ],
  "Qatar": [
    "qatar"
  ],
  "Regional": [
    "africa",
    "africa region",
    "africa regional",
    "afrika na",
    "afrikanische union (au=african union)",
    "alle entwicklungsländer",
    "andean countries",
    "asia",
    "asia regional",
    "asien na",
    "caribbean",
    "caribbean and pacific africa",
    "caribbean region",
    "caribbean subregion",
    "caucasus",
    "cemac (region zentralafrika)",
    "central africa",
    "central africa region",
    "central america",
    "central america region",
    "central america sub-region",
    "central america subregion",
    "central asia",
    "central asia and turkiye region",
    "central asia region",
    "central europe region",
    "central europe subregion",
    "communaute economique des pays des grands lacs",
    "east asia and pacific",
    "east asia and pacific region",
    "east asia and the pacific",
    "eastern africa",
    "eastern africa region",
    "eastern and southern africa",
    "eastern europe region",
    "eastern europe subregion",
    "eu accession countries",
    "eu countries",
    "europe",
    "europe & central asia",
    "europe and central asia",
    "europe region",
    "europe regional",
    "gemeinschaft unabhängiger staaten",
    "global",
    "intergovernmental authority on develop. (igad)",
    "karibische wirtschaftsgemeinschaft (caricom)",
    "kaukasus na",
    "lateinamerika na",
    "latin america & the caribbean",
    "latin america and caribbean",
    "latin america and the caribbean",
    "latin america and the caribbean region",
    "latin america region",
    "latin america regional",
    "mediterranean countries",
    "mena region",
    "middle east",
    "middle east and north africa",
    "middle east north africa na",
    "middle east regional",
    "middle east, pakistan, and afg region",
    "mittel- und osteuropa",
    "mittel-, ost- und südosteuropa na",
    "multi-country",
    "multi-country africa",
    "multi-country asia",
    "multi-country french overseas territories",
    "multi-country global",
    "multi-country latin america and the caribbean",
    "multi-country mediterranean and the middle east",
    "multi-regional",
    "multicountry",
    "multinational",
    "naher und mittlerer osten",
    "north africa and horn of africa region",
    "north america",
    "oct",
    "oecs countries",
    "organisation amerikanischer staaten",
    "organization of eastern caribbean states",
    "ost- und südosteuropa na mittel-",
    "ostafrikanische staatengemeinschaft",
    "overseas countries and territories (oct)",
    "pacific 1",
    "pacific 2",
    "pacific islands",
    "red sea and gulf of aden",
    "regional",
    "regional - africa",
    "regional - andean countries",
    "regional - asia",
    "regional - caribbean",
    "regional - central africa",
    "regional - central america",
    "regional - central asia",
    "regional - east africa",
    "regional - indian ocean",
    "regional - latin america",
    "regional - north africa",
    "regional - pacific",
    "regional - russia, eastern europe, the southern caucasus",
    "regional - southern africa",
    "regional - west africa",
    "south america",
    "south asia",
    "south asia region",
    "southeast asia",
    "southeast asia region",
    "southeast asia subregion",
    "southern africa",
    "southern africa development community",
    "southern africa region",
    "southern asia region",
    "southern europe region",
    "southern europe subregion",
    "southwest indian ocean",
    "staatengemeinschaft in asien",
    "sub-saharan africa",
    "supranationale organisationen in afrika",
    "supranationale organisationen in europa",
    "supraregional",
    "südosteuropa",
    "trinationale kom. für die region lateinamerika",
    "west africa",
    "west africa i",
    "western africa",
    "western africa region",
    "western and central africa",
    "western balkans",
    "world",
    "world region",
    "worldwide"
  ],
  "Republic of Congo": [
    "congo",
    "congo cg",
    "republic of congo"
  ],
  "Republic of Serbia": [
    "republic of serbia",
    "serbia",
    "serbien"
  ],
  "Romania": [
    "romania"
  ],
  "Russia": [
    "russia",
    "russian federation",
    "russische föderation"
  ],
  "Rwanda": [
    "republic of rwanda",
    "ruanda",
    "rwanda"
  ],
  "Saint Barthelemy": [
    "saint barthelemy"
  ],
  "Saint Helena": [
    "saint helena"
  ],
  "Saint Kitts and Nevis": [
    "saint kitts and nevis",
    "st. kitts and nevis"
  ],
  "Saint Lucia": [
    "saint lucia",
    "st. lucia"
  ],
  "Saint Martin": [
    "saint martin",
    "st maarten"
  ],
  "Saint Pierre and Miquelon": [
    "saint pierre and miquelon"
  ],
  "Saint Vincent and the Grenadines": [
    "saint vincent and grenadines",
    "saint vincent and the grenadines",
    "st. vincent and the grenadines"
  ],
  "Samoa": [
    "samoa"
  ],
  "San Marino": [
    "san marino"
  ],
  "Sao Tome and Principe": [
    "democratic republic of sao tome and prin",
    "sao tome",
    "sao tome and principe",
    "sao tome,principe",
    "são tomé e principe"
  ],
  "Saudi Arabia": [
    "saudi arabia"
  ],
  "Scarborough Reef": [
    "scarborough reef"
  ],
  "Senegal": [
    "republic of senegal",
    "senegal"
  ],
  "Serranilla Bank": [
    "serranilla bank"
  ],
  "Seychelles": [
    "republic of seychelles",
    "seychelles"
  ],
  "Siachen Glacier": [
    "siachen glacier"
  ],
  "Sierra Leone": [
    "republic of sierra leone",
    "sierra leone"
  ],
  "Singapore": [
    "republic of singapore",
    "singapore"
  ],
  "Sint Maarten": [
    "sint maarten",
    "st. maarten"
  ],
  "Slovakia": [
    "slovak republic",
    "slovakia"
  ],
  "Slovenia": [
    "republic of slovenia",
    "slovenia"
  ],
  "Solomon Islands": [
    "solomon isl,s",
    "solomon islands"
  ],
  "Somalia": [
    "federal republic of somalia",
    "somali democratic republic",
    "somalia"
  ],
  "Somaliland": [
    "somaliland"
  ],
  "South Africa": [
    "republic of south africa",
    "south africa",
    "südafrika"
  ],
  "South Georgia and South Sandwich Islands": [
    "south georgia and south sandwich islands"
  ],
  "South Korea": [
    "republic of korea",
    "south korea"
  ],
  "South Sudan": [
    "republic of south sudan",
    "south sudan",
    "south sudan, republic of",
    "sudan, republic of the",
    "südsudan"
  ],
  "Spain": [
    "kingdom of spain",
    "spain"
  ],
  "Spratly Islands": [
    "spratly islands"
  ],
  "Sri Lanka": [
    "democratic socialist republic of sri lan",
    "sri lanka"
  ],
  "Sudan": [
    "republic of the sudan",
    "sudan"
  ],
  "Suriname": [
    "republic of suriname",
    "suriname"
  ],
  "Swaziland": [
    "eswatini",
    "kingdom of eswatini",
    "swaziland"
  ],
  "Sweden": [
    "sweden"
  ],
  "Switzerland": [
    "switzerland"
  ],
  "Syria": [
    "arabische republik syrien",
    "syria",
    "syrian arab republic",
    "syrien"
  ],
  "Taiwan": [
    "taiwan"
  ],
  "Tajikistan": [
    "republic of tajikistan",
    "tadschikistan",
    "tajikistan"
  ],
  "Thailand": [
    "kingdom of thailand",
    "thailand"
  ],
  "The Bahamas": [
    "bahamas",
    "commonwealth of the bahamas",
    "the bahamas"
  ],
  "Togo": [
    "republic of togo",
    "togo"
  ],
  "Tonga": [
    "kingdom of tonga",
    "tonga"
  ],
  "Trinidad and Tobago": [
    "republic of trinidad and tobago",
    "trinidad & tobago",
    "trinidad and tobago",
    "trinidad,tobago"
  ],
  "Tunisia": [
    "republic of tunisia",
    "tunesien",
    "tunisia"
  ],
  "Turkey": [
    "republic of turkey",
    "turkey",
    "turkiye",
    "türkei",
    "türkiye"
  ],
  "Turkmenistan": [
    "turkmenistan"
  ],
  "Turks and Caicos Islands": [
    "turks and caicos islands"
  ],
  "Tuvalu": [
    "tuvalu"
  ],
  "US Naval Base Guantanamo Bay": [
    "us naval base guantanamo bay"
  ],
  "Uganda": [
    "republic of uganda",
    "uganda"
  ],
  "Ukraine": [
    "ukraine"
  ],
  "United Arab Emirates": [
    "united arab emirates"
  ],
  "United Kingdom": [
    "united kingdom"
  ],
  "United Republic of Tanzania": [
    "tansania",
    "tanzania",
    "united republic of tanzania",
    "vereinigte republik tansania"
  ],
  "United States Minor Outlying Islands": [
    "united states minor outlying islands"
  ],
  "United States Virgin Islands": [
    "united states virgin islands",
    "virgin islands"
  ],
  "United States of America": [
    "united states",
    "united states of america"
  ],
  "Unknown": [
    "unknown"
  ],
  "Uruguay": [
    "oriental republic of uruguay",
    "uruguay"
  ],
  "Uzbekistan": [
    "republic of uzbekistan",
    "usbekistan",
    "uzbekistan"
  ],
  "Vanuatu": [
    "republic of vanuatu",
    "vanuatu"
  ],
  "Vatican": [
    "vatican"
  ],
  "Venezuela": [
    "republica bolivariana de venezuela",
    "venezuela"
  ],
  "Vietnam": [
    "socialist republic of vietnam",
    "viet nam",
    "vietnam"
  ],
  "Wallis and Futuna": [
    "wallis and futuna"
  ],
  "Western Sahara": [
    "western sahara"
  ],
  "Yemen": [
    "jemen",
    "republic of yemen",
    "yemen"
  ],
  "Zambia": [
    "republic of zambia",
    "sambia",
    "zambia"
  ],
  "Zimbabwe": [
    "republic of zimbabwe",
    "simbabwe",
    "zimbabwe"
  ]
}